folder,mean,std,count
./try09_all\Ar_293_0.01_to_15__struct+input__qt_then_rd__cat_TRAIN_RATIO0.05_QTFRAC_0.05,0.9376861377204839,0.003570328366854516,5
./try09_all\Ar_293_0.01_to_15__struct+input__qt_then_rd__cat_TRAIN_RATIO0.15_QTFRAC_0.15,0.9465557052230501,0.0031077662717303067,5
./try09_all\Ar_293_0.01_to_15__struct+input__qt_then_rd__cat_TRAIN_RATIO0.1_QTFRAC_0.1,0.9441946059924424,0.0015703355016679506,5
./try09_all\Ar_293_0.01_to_15__struct+input__qt_then_rd__cat_TRAIN_RATIO0.25_QTFRAC_0.25,0.9523329923940771,0.00448801458977416,5
./try09_all\Ar_293_0.01_to_15__struct+input__qt_then_rd__cat_TRAIN_RATIO0.2_QTFRAC_0.2,0.9499136351416342,0.003381237953169319,5
./try09_all\Ar_293_0.01_to_15__struct+input__qt_then_rd__cat_TRAIN_RATIO0.35_QTFRAC_0.35,0.9531009856413206,0.004426270055786616,5
./try09_all\Ar_293_0.01_to_15__struct+input__qt_then_rd__cat_TRAIN_RATIO0.3_QTFRAC_0.3,0.9516771541288318,0.0030723467844329297,5
./try09_all\Ar_293_0.01_to_15__struct+input__qt_then_rd__cat_TRAIN_RATIO0.45_QTFRAC_0.45,0.9549500994468902,0.003792712638386043,5
./try09_all\Ar_293_0.01_to_15__struct+input__qt_then_rd__cat_TRAIN_RATIO0.4_QTFRAC_0.4,0.9550841841595424,0.002982844514974202,5
./try09_all\Ar_293_0.01_to_15__struct+input__qt_then_rd__cat_TRAIN_RATIO0.55_QTFRAC_0.55,0.9541423682195417,0.0059444685453148545,5
./try09_all\Ar_293_0.01_to_15__struct+input__qt_then_rd__cat_TRAIN_RATIO0.5_QTFRAC_0.5,0.9550390434752749,0.0059043623098968025,5
./try09_all\Ar_293_0.01_to_15__struct+input__qt_then_rd__cat_TRAIN_RATIO0.65_QTFRAC_0.65,0.9573914807653523,0.0014046133523634345,5
./try09_all\Ar_293_0.01_to_15__struct+input__qt_then_rd__cat_TRAIN_RATIO0.6_QTFRAC_0.6,0.9576927661053846,0.0005891666209507654,5
./try09_all\Ar_293_0.01_to_15__struct+input__qt_then_rd__cat_TRAIN_RATIO0.75_QTFRAC_0.75,0.9575022081632065,0.0009618768688201314,5
./try09_all\Ar_293_0.01_to_15__struct+input__qt_then_rd__cat_TRAIN_RATIO0.7_QTFRAC_0.7,0.9570118845826588,0.0016620824682697453,5
./try09_all\Ar_293_0.01_to_15__struct+input__qt_then_rd__cat_TRAIN_RATIO0.8_QTFRAC_0.8,0.9562681682957141,0.00294940842680082,5
./try09_all\Ar_293_0.01_to_15__struct+input__random_with_input__cat_TRAIN_RATIO0.05_QTFRAC_0.05,0.9280605354590415,0.008462235544890914,5
./try09_all\Ar_293_0.01_to_15__struct+input__random_with_input__cat_TRAIN_RATIO0.15_QTFRAC_0.15,0.9511049945986467,0.003111143421456077,5
./try09_all\Ar_293_0.01_to_15__struct+input__random_with_input__cat_TRAIN_RATIO0.1_QTFRAC_0.1,0.9443903968689907,0.006729477214900334,5
./try09_all\Ar_293_0.01_to_15__struct+input__random_with_input__cat_TRAIN_RATIO0.25_QTFRAC_0.25,0.9564881396325859,0.0025017597314694875,5
./try09_all\Ar_293_0.01_to_15__struct+input__random_with_input__cat_TRAIN_RATIO0.2_QTFRAC_0.2,0.9533582833251218,0.0030599330521958027,5
./try09_all\Ar_293_0.01_to_15__struct+input__random_with_input__cat_TRAIN_RATIO0.35_QTFRAC_0.35,0.958843928993917,0.002771302593669438,5
./try09_all\Ar_293_0.01_to_15__struct+input__random_with_input__cat_TRAIN_RATIO0.3_QTFRAC_0.3,0.9573831533626054,0.0033387205156093455,5
./try09_all\Ar_293_0.01_to_15__struct+input__random_with_input__cat_TRAIN_RATIO0.45_QTFRAC_0.45,0.9611070033027375,0.002989122891061563,5
./try09_all\Ar_293_0.01_to_15__struct+input__random_with_input__cat_TRAIN_RATIO0.4_QTFRAC_0.4,0.9599101569747548,0.002638366894345361,5
./try09_all\Ar_293_0.01_to_15__struct+input__random_with_input__cat_TRAIN_RATIO0.55_QTFRAC_0.55,0.9633456593540574,0.0017351872732016573,5
./try09_all\Ar_293_0.01_to_15__struct+input__random_with_input__cat_TRAIN_RATIO0.5_QTFRAC_0.5,0.9629924011354658,0.0014222562317872018,5
./try09_all\Ar_293_0.01_to_15__struct+input__random_with_input__cat_TRAIN_RATIO0.65_QTFRAC_0.65,0.9640901330891909,0.0012489080330636692,5
./try09_all\Ar_293_0.01_to_15__struct+input__random_with_input__cat_TRAIN_RATIO0.6_QTFRAC_0.6,0.9633745201446964,0.0011358072482613405,5
./try09_all\Ar_293_0.01_to_15__struct+input__random_with_input__cat_TRAIN_RATIO0.75_QTFRAC_0.75,0.9655723949831112,0.0025828364201088824,5
./try09_all\Ar_293_0.01_to_15__struct+input__random_with_input__cat_TRAIN_RATIO0.7_QTFRAC_0.7,0.9648264293548208,0.002416434964041171,5
./try09_all\Ar_293_0.01_to_15__struct+input__random_with_input__cat_TRAIN_RATIO0.8_QTFRAC_0.8,0.9660814471959578,0.0028080103720240007,5
./try09_all\Ar_293_0.01_to_15__struct__random_struct__cat_TRAIN_RATIO0.05_QTFRAC_0.05,0.669787775078793,0.0068140121178586425,5
./try09_all\Ar_293_0.01_to_15__struct__random_struct__cat_TRAIN_RATIO0.15_QTFRAC_0.15,0.7129897311912552,0.006669917271753101,5
./try09_all\Ar_293_0.01_to_15__struct__random_struct__cat_TRAIN_RATIO0.1_QTFRAC_0.1,0.6981280767929083,0.008085056853072998,5
./try09_all\Ar_293_0.01_to_15__struct__random_struct__cat_TRAIN_RATIO0.25_QTFRAC_0.25,0.7294516802202756,0.002953003572027138,5
./try09_all\Ar_293_0.01_to_15__struct__random_struct__cat_TRAIN_RATIO0.2_QTFRAC_0.2,0.7218335137128349,0.00518869567755914,5
./try09_all\Ar_293_0.01_to_15__struct__random_struct__cat_TRAIN_RATIO0.35_QTFRAC_0.35,0.7427530501097267,0.006035681464559902,5
./try09_all\Ar_293_0.01_to_15__struct__random_struct__cat_TRAIN_RATIO0.3_QTFRAC_0.3,0.7341437425508686,0.006424490956427332,5
./try09_all\Ar_293_0.01_to_15__struct__random_struct__cat_TRAIN_RATIO0.45_QTFRAC_0.45,0.750528592806947,0.004825042642605736,5
./try09_all\Ar_293_0.01_to_15__struct__random_struct__cat_TRAIN_RATIO0.4_QTFRAC_0.4,0.7488448443070882,0.003000733230696999,5
./try09_all\Ar_293_0.01_to_15__struct__random_struct__cat_TRAIN_RATIO0.55_QTFRAC_0.55,0.7577468755892913,0.005209666005404628,5
./try09_all\Ar_293_0.01_to_15__struct__random_struct__cat_TRAIN_RATIO0.5_QTFRAC_0.5,0.7538352249470038,0.0031475084249788293,5
./try09_all\Ar_293_0.01_to_15__struct__random_struct__cat_TRAIN_RATIO0.65_QTFRAC_0.65,0.7598151242151248,0.004927880852673637,5
./try09_all\Ar_293_0.01_to_15__struct__random_struct__cat_TRAIN_RATIO0.6_QTFRAC_0.6,0.7591418093258857,0.0017556968871220455,5
./try09_all\Ar_293_0.01_to_15__struct__random_struct__cat_TRAIN_RATIO0.75_QTFRAC_0.75,0.7684572110035879,0.010940147812966993,5
./try09_all\Ar_293_0.01_to_15__struct__random_struct__cat_TRAIN_RATIO0.7_QTFRAC_0.7,0.7678262899265011,0.010260900496265896,5
./try09_all\Ar_293_0.01_to_15__struct__random_struct__cat_TRAIN_RATIO0.8_QTFRAC_0.8,0.7750843955978993,0.011097695180565538,5
./try09_all\Ar_293_0.01_to_1__struct+input__qt_then_rd__cat_TRAIN_RATIO0.05_QTFRAC_0.05,0.9265573289391164,0.013708875226979016,5
./try09_all\Ar_293_0.01_to_1__struct+input__qt_then_rd__cat_TRAIN_RATIO0.15_QTFRAC_0.15,0.9678216269244683,0.004198867397886994,5
./try09_all\Ar_293_0.01_to_1__struct+input__qt_then_rd__cat_TRAIN_RATIO0.1_QTFRAC_0.1,0.9553818786762417,0.01127872186467986,5
./try09_all\Ar_293_0.01_to_1__struct+input__qt_then_rd__cat_TRAIN_RATIO0.25_QTFRAC_0.25,0.9800099750995418,0.001796237831502951,5
./try09_all\Ar_293_0.01_to_1__struct+input__qt_then_rd__cat_TRAIN_RATIO0.2_QTFRAC_0.2,0.9762164342422744,0.004455752983247084,5
./try09_all\Ar_293_0.01_to_1__struct+input__qt_then_rd__cat_TRAIN_RATIO0.35_QTFRAC_0.35,0.9841556282708334,0.0006922220795195392,5
./try09_all\Ar_293_0.01_to_1__struct+input__qt_then_rd__cat_TRAIN_RATIO0.3_QTFRAC_0.3,0.982318246809734,0.0014927282407463044,5
./try09_all\Ar_293_0.01_to_1__struct+input__qt_then_rd__cat_TRAIN_RATIO0.45_QTFRAC_0.45,0.9847310456036871,0.0008346091527834168,5
./try09_all\Ar_293_0.01_to_1__struct+input__qt_then_rd__cat_TRAIN_RATIO0.4_QTFRAC_0.4,0.9846511608799636,0.0006411764393993064,5
./try09_all\Ar_293_0.01_to_1__struct+input__qt_then_rd__cat_TRAIN_RATIO0.55_QTFRAC_0.55,0.9857147618168917,0.0010726111444333596,5
./try09_all\Ar_293_0.01_to_1__struct+input__qt_then_rd__cat_TRAIN_RATIO0.5_QTFRAC_0.5,0.9847012902430832,0.0012647991879490214,5
./try09_all\Ar_293_0.01_to_1__struct+input__qt_then_rd__cat_TRAIN_RATIO0.65_QTFRAC_0.65,0.9859769000917085,0.0010358080903851673,5
./try09_all\Ar_293_0.01_to_1__struct+input__qt_then_rd__cat_TRAIN_RATIO0.6_QTFRAC_0.6,0.9864258667004631,0.00046055603362316863,5
./try09_all\Ar_293_0.01_to_1__struct+input__qt_then_rd__cat_TRAIN_RATIO0.75_QTFRAC_0.75,0.9858512441529893,0.000762066435718372,5
./try09_all\Ar_293_0.01_to_1__struct+input__qt_then_rd__cat_TRAIN_RATIO0.7_QTFRAC_0.7,0.985496116313155,0.0002695624606669802,5
./try09_all\Ar_293_0.01_to_1__struct+input__qt_then_rd__cat_TRAIN_RATIO0.8_QTFRAC_0.8,0.9849173448844418,0.001915288606879493,5
./try09_all\Ar_293_0.01_to_1__struct+input__random_with_input__cat_TRAIN_RATIO0.05_QTFRAC_0.05,0.8042121488461328,0.06133570494972506,5
./try09_all\Ar_293_0.01_to_1__struct+input__random_with_input__cat_TRAIN_RATIO0.15_QTFRAC_0.15,0.8907472167724547,0.01767851693462246,5
./try09_all\Ar_293_0.01_to_1__struct+input__random_with_input__cat_TRAIN_RATIO0.1_QTFRAC_0.1,0.8610108315645263,0.03893559185468747,5
./try09_all\Ar_293_0.01_to_1__struct+input__random_with_input__cat_TRAIN_RATIO0.25_QTFRAC_0.25,0.9079180113333344,0.012046112469888237,5
./try09_all\Ar_293_0.01_to_1__struct+input__random_with_input__cat_TRAIN_RATIO0.2_QTFRAC_0.2,0.9011054179422743,0.011922812702304561,5
./try09_all\Ar_293_0.01_to_1__struct+input__random_with_input__cat_TRAIN_RATIO0.35_QTFRAC_0.35,0.9158312917520103,0.019606411608867263,5
./try09_all\Ar_293_0.01_to_1__struct+input__random_with_input__cat_TRAIN_RATIO0.3_QTFRAC_0.3,0.9084908845022589,0.013029002980207708,5
./try09_all\Ar_293_0.01_to_1__struct+input__random_with_input__cat_TRAIN_RATIO0.45_QTFRAC_0.45,0.9245313735477909,0.009243086141537996,5
./try09_all\Ar_293_0.01_to_1__struct+input__random_with_input__cat_TRAIN_RATIO0.4_QTFRAC_0.4,0.9247418632100356,0.006599361398133393,5
./try09_all\Ar_293_0.01_to_1__struct+input__random_with_input__cat_TRAIN_RATIO0.55_QTFRAC_0.55,0.9274319733316119,0.015867010221433865,5
./try09_all\Ar_293_0.01_to_1__struct+input__random_with_input__cat_TRAIN_RATIO0.5_QTFRAC_0.5,0.9252795907927354,0.01013160979916424,5
./try09_all\Ar_293_0.01_to_1__struct+input__random_with_input__cat_TRAIN_RATIO0.65_QTFRAC_0.65,0.9386453869365902,0.020415792123194144,5
./try09_all\Ar_293_0.01_to_1__struct+input__random_with_input__cat_TRAIN_RATIO0.6_QTFRAC_0.6,0.9374817816375604,0.020063622044411283,5
./try09_all\Ar_293_0.01_to_1__struct+input__random_with_input__cat_TRAIN_RATIO0.75_QTFRAC_0.75,0.9421135173561195,0.023337242403155243,5
./try09_all\Ar_293_0.01_to_1__struct+input__random_with_input__cat_TRAIN_RATIO0.7_QTFRAC_0.7,0.941391806962183,0.027142183349151926,5
./try09_all\Ar_293_0.01_to_1__struct+input__random_with_input__cat_TRAIN_RATIO0.8_QTFRAC_0.8,0.9368265293835076,0.026558358698724062,5
./try09_all\Ar_293_0.01_to_1__struct__random_struct__cat_TRAIN_RATIO0.05_QTFRAC_0.05,0.14197180062212603,0.03782167176729306,5
./try09_all\Ar_293_0.01_to_1__struct__random_struct__cat_TRAIN_RATIO0.15_QTFRAC_0.15,0.21141286913704632,0.028723061522112625,5
./try09_all\Ar_293_0.01_to_1__struct__random_struct__cat_TRAIN_RATIO0.1_QTFRAC_0.1,0.18355824431734039,0.042415201194337046,5
./try09_all\Ar_293_0.01_to_1__struct__random_struct__cat_TRAIN_RATIO0.25_QTFRAC_0.25,0.257919655672469,0.027741495024821518,5
./try09_all\Ar_293_0.01_to_1__struct__random_struct__cat_TRAIN_RATIO0.2_QTFRAC_0.2,0.23723873647323188,0.023449870020080067,5
./try09_all\Ar_293_0.01_to_1__struct__random_struct__cat_TRAIN_RATIO0.35_QTFRAC_0.35,0.28870097977414716,0.01506242970755977,5
./try09_all\Ar_293_0.01_to_1__struct__random_struct__cat_TRAIN_RATIO0.3_QTFRAC_0.3,0.2758891921486306,0.01675098345525929,5
./try09_all\Ar_293_0.01_to_1__struct__random_struct__cat_TRAIN_RATIO0.45_QTFRAC_0.45,0.30891713472381843,0.00872445075641714,5
./try09_all\Ar_293_0.01_to_1__struct__random_struct__cat_TRAIN_RATIO0.4_QTFRAC_0.4,0.3003920169547015,0.009363505627441607,5
./try09_all\Ar_293_0.01_to_1__struct__random_struct__cat_TRAIN_RATIO0.55_QTFRAC_0.55,0.319524756897188,0.005810220987132751,5
./try09_all\Ar_293_0.01_to_1__struct__random_struct__cat_TRAIN_RATIO0.5_QTFRAC_0.5,0.32131339099201706,0.003783696612971376,5
./try09_all\Ar_293_0.01_to_1__struct__random_struct__cat_TRAIN_RATIO0.65_QTFRAC_0.65,0.3414321596499198,0.03002158148520044,5
./try09_all\Ar_293_0.01_to_1__struct__random_struct__cat_TRAIN_RATIO0.6_QTFRAC_0.6,0.3288227938369628,0.013731410202246407,5
./try09_all\Ar_293_0.01_to_1__struct__random_struct__cat_TRAIN_RATIO0.75_QTFRAC_0.75,0.34611506215939325,0.021770619091426704,5
./try09_all\Ar_293_0.01_to_1__struct__random_struct__cat_TRAIN_RATIO0.7_QTFRAC_0.7,0.3461900059848247,0.022810775449051062,5
./try09_all\Ar_293_0.01_to_1__struct__random_struct__cat_TRAIN_RATIO0.8_QTFRAC_0.8,0.3632668240054044,0.0292664934888199,5
./try09_all\Ar_293_0.01_to_5__struct+input__qt_then_rd__cat_TRAIN_RATIO0.05_QTFRAC_0.05,0.9366580419712338,0.002446449615142813,5
./try09_all\Ar_293_0.01_to_5__struct+input__qt_then_rd__cat_TRAIN_RATIO0.15_QTFRAC_0.15,0.9538461351946573,0.0018330615827457982,5
./try09_all\Ar_293_0.01_to_5__struct+input__qt_then_rd__cat_TRAIN_RATIO0.1_QTFRAC_0.1,0.9494455725440145,0.0033864241949680784,5
./try09_all\Ar_293_0.01_to_5__struct+input__qt_then_rd__cat_TRAIN_RATIO0.25_QTFRAC_0.25,0.9570615145498111,0.0013266968687873754,5
./try09_all\Ar_293_0.01_to_5__struct+input__qt_then_rd__cat_TRAIN_RATIO0.2_QTFRAC_0.2,0.9561746543994077,0.0022451698409366345,5
./try09_all\Ar_293_0.01_to_5__struct+input__qt_then_rd__cat_TRAIN_RATIO0.35_QTFRAC_0.35,0.9594330704736004,0.0014388497129172242,5
./try09_all\Ar_293_0.01_to_5__struct+input__qt_then_rd__cat_TRAIN_RATIO0.3_QTFRAC_0.3,0.9579057495766159,0.0007870428778352957,5
./try09_all\Ar_293_0.01_to_5__struct+input__qt_then_rd__cat_TRAIN_RATIO0.45_QTFRAC_0.45,0.9598404340747454,0.0011848807682272322,5
./try09_all\Ar_293_0.01_to_5__struct+input__qt_then_rd__cat_TRAIN_RATIO0.4_QTFRAC_0.4,0.9590837721255522,0.001329488681388769,5
./try09_all\Ar_293_0.01_to_5__struct+input__qt_then_rd__cat_TRAIN_RATIO0.55_QTFRAC_0.55,0.9600304396645039,0.0020460593204438484,5
./try09_all\Ar_293_0.01_to_5__struct+input__qt_then_rd__cat_TRAIN_RATIO0.5_QTFRAC_0.5,0.9598617627927833,0.0028569861659038047,5
./try09_all\Ar_293_0.01_to_5__struct+input__qt_then_rd__cat_TRAIN_RATIO0.65_QTFRAC_0.65,0.9602003600010672,0.0017743860858448672,5
./try09_all\Ar_293_0.01_to_5__struct+input__qt_then_rd__cat_TRAIN_RATIO0.6_QTFRAC_0.6,0.9612776026270143,0.000936990278969726,5
./try09_all\Ar_293_0.01_to_5__struct+input__qt_then_rd__cat_TRAIN_RATIO0.75_QTFRAC_0.75,0.9606333876736592,0.001400113690949622,5
./try09_all\Ar_293_0.01_to_5__struct+input__qt_then_rd__cat_TRAIN_RATIO0.7_QTFRAC_0.7,0.9587518488937604,0.0017125490207009753,5
./try09_all\Ar_293_0.01_to_5__struct+input__qt_then_rd__cat_TRAIN_RATIO0.8_QTFRAC_0.8,0.9585963482355011,0.0025597013660105922,5
./try09_all\Ar_293_0.01_to_5__struct+input__random_with_input__cat_TRAIN_RATIO0.05_QTFRAC_0.05,0.9007193064415366,0.028958803201788518,5
./try09_all\Ar_293_0.01_to_5__struct+input__random_with_input__cat_TRAIN_RATIO0.15_QTFRAC_0.15,0.9411583765749268,0.007201435373421953,5
./try09_all\Ar_293_0.01_to_5__struct+input__random_with_input__cat_TRAIN_RATIO0.1_QTFRAC_0.1,0.9286526082204555,0.019345887396342205,5
./try09_all\Ar_293_0.01_to_5__struct+input__random_with_input__cat_TRAIN_RATIO0.25_QTFRAC_0.25,0.9480317705422736,0.003384903247368254,5
./try09_all\Ar_293_0.01_to_5__struct+input__random_with_input__cat_TRAIN_RATIO0.2_QTFRAC_0.2,0.9435207711981732,0.004928946112047321,5
./try09_all\Ar_293_0.01_to_5__struct+input__random_with_input__cat_TRAIN_RATIO0.35_QTFRAC_0.35,0.9494532205599755,0.005362654878435979,5
./try09_all\Ar_293_0.01_to_5__struct+input__random_with_input__cat_TRAIN_RATIO0.3_QTFRAC_0.3,0.9491081794518978,0.004182255966769499,5
./try09_all\Ar_293_0.01_to_5__struct+input__random_with_input__cat_TRAIN_RATIO0.45_QTFRAC_0.45,0.9536741838683834,0.002658937521998815,5
./try09_all\Ar_293_0.01_to_5__struct+input__random_with_input__cat_TRAIN_RATIO0.4_QTFRAC_0.4,0.951713314914856,0.0020086142135132064,5
./try09_all\Ar_293_0.01_to_5__struct+input__random_with_input__cat_TRAIN_RATIO0.55_QTFRAC_0.55,0.9548494727695293,0.003231225118545464,5
./try09_all\Ar_293_0.01_to_5__struct+input__random_with_input__cat_TRAIN_RATIO0.5_QTFRAC_0.5,0.954270646687496,0.003462561293480324,5
./try09_all\Ar_293_0.01_to_5__struct+input__random_with_input__cat_TRAIN_RATIO0.65_QTFRAC_0.65,0.9577405804223933,0.0037267878637253296,5
./try09_all\Ar_293_0.01_to_5__struct+input__random_with_input__cat_TRAIN_RATIO0.6_QTFRAC_0.6,0.9560119263020039,0.0035441714935650005,5
./try09_all\Ar_293_0.01_to_5__struct+input__random_with_input__cat_TRAIN_RATIO0.75_QTFRAC_0.75,0.9594296419984192,0.005641606947569051,5
./try09_all\Ar_293_0.01_to_5__struct+input__random_with_input__cat_TRAIN_RATIO0.7_QTFRAC_0.7,0.9587129378393456,0.006963295993640534,5
./try09_all\Ar_293_0.01_to_5__struct+input__random_with_input__cat_TRAIN_RATIO0.8_QTFRAC_0.8,0.9597834751826607,0.007439780248220266,5
./try09_all\Ar_293_0.01_to_5__struct__random_struct__cat_TRAIN_RATIO0.05_QTFRAC_0.05,0.3918182916295539,0.014584366852878426,5
./try09_all\Ar_293_0.01_to_5__struct__random_struct__cat_TRAIN_RATIO0.15_QTFRAC_0.15,0.45318286031119526,0.014497857010323828,5
./try09_all\Ar_293_0.01_to_5__struct__random_struct__cat_TRAIN_RATIO0.1_QTFRAC_0.1,0.42626087652350997,0.023265235464282715,5
./try09_all\Ar_293_0.01_to_5__struct__random_struct__cat_TRAIN_RATIO0.25_QTFRAC_0.25,0.48379223630127255,0.011672000365491203,5
./try09_all\Ar_293_0.01_to_5__struct__random_struct__cat_TRAIN_RATIO0.2_QTFRAC_0.2,0.4719269615098085,0.013445937395205788,5
./try09_all\Ar_293_0.01_to_5__struct__random_struct__cat_TRAIN_RATIO0.35_QTFRAC_0.35,0.5048763495446641,0.01292056912278122,5
./try09_all\Ar_293_0.01_to_5__struct__random_struct__cat_TRAIN_RATIO0.3_QTFRAC_0.3,0.4935756301483389,0.014077553201174887,5
./try09_all\Ar_293_0.01_to_5__struct__random_struct__cat_TRAIN_RATIO0.45_QTFRAC_0.45,0.5194835475611395,0.007404498727258174,5
./try09_all\Ar_293_0.01_to_5__struct__random_struct__cat_TRAIN_RATIO0.4_QTFRAC_0.4,0.5172302281420212,0.007748362596912575,5
./try09_all\Ar_293_0.01_to_5__struct__random_struct__cat_TRAIN_RATIO0.55_QTFRAC_0.55,0.5300765791137196,0.006970939342839937,5
./try09_all\Ar_293_0.01_to_5__struct__random_struct__cat_TRAIN_RATIO0.5_QTFRAC_0.5,0.5265150404701,0.005660360528191542,5
./try09_all\Ar_293_0.01_to_5__struct__random_struct__cat_TRAIN_RATIO0.65_QTFRAC_0.65,0.5404630637046379,0.008823248832086336,5
./try09_all\Ar_293_0.01_to_5__struct__random_struct__cat_TRAIN_RATIO0.6_QTFRAC_0.6,0.5335269401319074,0.0037407039041257905,5
./try09_all\Ar_293_0.01_to_5__struct__random_struct__cat_TRAIN_RATIO0.75_QTFRAC_0.75,0.5480581105371181,0.01538708369190581,5
./try09_all\Ar_293_0.01_to_5__struct__random_struct__cat_TRAIN_RATIO0.7_QTFRAC_0.7,0.546710791472746,0.015451978527458015,5
./try09_all\Ar_293_0.01_to_5__struct__random_struct__cat_TRAIN_RATIO0.8_QTFRAC_0.8,0.5616129782653845,0.018514421959753863,5
./try09_all\He_293_0.01_to_15__struct+input__qt_then_rd__cat_TRAIN_RATIO0.05_QTFRAC_0.05,0.9546205734695494,0.026012577974610162,5
./try09_all\He_293_0.01_to_15__struct+input__qt_then_rd__cat_TRAIN_RATIO0.15_QTFRAC_0.15,0.9883580830550402,0.0010999510150406675,5
./try09_all\He_293_0.01_to_15__struct+input__qt_then_rd__cat_TRAIN_RATIO0.1_QTFRAC_0.1,0.9782811709502136,0.022430071580092907,5
./try09_all\He_293_0.01_to_15__struct+input__qt_then_rd__cat_TRAIN_RATIO0.25_QTFRAC_0.25,0.9889604686406195,0.0004709807915768473,5
./try09_all\He_293_0.01_to_15__struct+input__qt_then_rd__cat_TRAIN_RATIO0.2_QTFRAC_0.2,0.9895057042061852,0.0006463117912171474,5
./try09_all\He_293_0.01_to_15__struct+input__qt_then_rd__cat_TRAIN_RATIO0.35_QTFRAC_0.35,0.9877641811185102,0.0006150306131314923,5
./try09_all\He_293_0.01_to_15__struct+input__qt_then_rd__cat_TRAIN_RATIO0.3_QTFRAC_0.3,0.9882362203806544,0.0009269641036871169,5
./try09_all\He_293_0.01_to_15__struct+input__qt_then_rd__cat_TRAIN_RATIO0.45_QTFRAC_0.45,0.9862585848742956,0.0003451859569849279,5
./try09_all\He_293_0.01_to_15__struct+input__qt_then_rd__cat_TRAIN_RATIO0.4_QTFRAC_0.4,0.9870426137651943,0.0006068855144569555,5
./try09_all\He_293_0.01_to_15__struct+input__qt_then_rd__cat_TRAIN_RATIO0.55_QTFRAC_0.55,0.9846748016009983,0.0002014283643026154,5
./try09_all\He_293_0.01_to_15__struct+input__qt_then_rd__cat_TRAIN_RATIO0.5_QTFRAC_0.5,0.9852788394721271,0.00017013530600057332,5
./try09_all\He_293_0.01_to_15__struct+input__qt_then_rd__cat_TRAIN_RATIO0.65_QTFRAC_0.65,0.982764390052193,0.00040891471200619095,5
./try09_all\He_293_0.01_to_15__struct+input__qt_then_rd__cat_TRAIN_RATIO0.6_QTFRAC_0.6,0.9833098995973965,0.00047504977532265434,5
./try09_all\He_293_0.01_to_15__struct+input__qt_then_rd__cat_TRAIN_RATIO0.75_QTFRAC_0.75,0.9799232789410601,0.0006370582836723016,5
./try09_all\He_293_0.01_to_15__struct+input__qt_then_rd__cat_TRAIN_RATIO0.7_QTFRAC_0.7,0.9814449378503134,0.0006723205811314605,5
./try09_all\He_293_0.01_to_15__struct+input__qt_then_rd__cat_TRAIN_RATIO0.8_QTFRAC_0.8,0.9793658597402336,0.001055653970239863,5
./try09_all\He_293_0.01_to_15__struct+input__random_with_input__cat_TRAIN_RATIO0.05_QTFRAC_0.05,0.884357249186011,0.024010755802853147,5
./try09_all\He_293_0.01_to_15__struct+input__random_with_input__cat_TRAIN_RATIO0.15_QTFRAC_0.15,0.9129439756850534,0.024696918476997617,5
./try09_all\He_293_0.01_to_15__struct+input__random_with_input__cat_TRAIN_RATIO0.1_QTFRAC_0.1,0.8991078016041089,0.017978053408043426,5
./try09_all\He_293_0.01_to_15__struct+input__random_with_input__cat_TRAIN_RATIO0.25_QTFRAC_0.25,0.9164632248645074,0.016784132367435853,5
./try09_all\He_293_0.01_to_15__struct+input__random_with_input__cat_TRAIN_RATIO0.2_QTFRAC_0.2,0.9134321184792148,0.02683723127499384,5
./try09_all\He_293_0.01_to_15__struct+input__random_with_input__cat_TRAIN_RATIO0.35_QTFRAC_0.35,0.9192923735284054,0.011943492639495118,5
./try09_all\He_293_0.01_to_15__struct+input__random_with_input__cat_TRAIN_RATIO0.3_QTFRAC_0.3,0.9218052586754247,0.01146525534397414,5
./try09_all\He_293_0.01_to_15__struct+input__random_with_input__cat_TRAIN_RATIO0.45_QTFRAC_0.45,0.9233637513395703,0.03475294632648739,5
./try09_all\He_293_0.01_to_15__struct+input__random_with_input__cat_TRAIN_RATIO0.4_QTFRAC_0.4,0.9272172939224014,0.031190240271865427,5
./try09_all\He_293_0.01_to_15__struct+input__random_with_input__cat_TRAIN_RATIO0.55_QTFRAC_0.55,0.9285042476097946,0.04984481828515937,5
./try09_all\He_293_0.01_to_15__struct+input__random_with_input__cat_TRAIN_RATIO0.5_QTFRAC_0.5,0.9169787592404033,0.032332758453183764,5
./try09_all\He_293_0.01_to_15__struct+input__random_with_input__cat_TRAIN_RATIO0.65_QTFRAC_0.65,0.9727895983140498,0.04137568482332342,5
./try09_all\He_293_0.01_to_15__struct+input__random_with_input__cat_TRAIN_RATIO0.6_QTFRAC_0.6,0.9558576206540452,0.04778345473058298,5
./try09_all\He_293_0.01_to_15__struct+input__random_with_input__cat_TRAIN_RATIO0.75_QTFRAC_0.75,0.9674111378417527,0.051056861011520356,5
./try09_all\He_293_0.01_to_15__struct+input__random_with_input__cat_TRAIN_RATIO0.7_QTFRAC_0.7,0.97195933488243,0.04281033397457233,5
./try09_all\He_293_0.01_to_15__struct+input__random_with_input__cat_TRAIN_RATIO0.8_QTFRAC_0.8,0.9618747910686475,0.06195336013555273,5
./try09_all\He_293_0.01_to_15__struct__random_struct__cat_TRAIN_RATIO0.05_QTFRAC_0.05,0.8727115474628236,0.02470810356195323,5
./try09_all\He_293_0.01_to_15__struct__random_struct__cat_TRAIN_RATIO0.15_QTFRAC_0.15,0.9039613279432652,0.024558334681148538,5
./try09_all\He_293_0.01_to_15__struct__random_struct__cat_TRAIN_RATIO0.1_QTFRAC_0.1,0.8916387212497838,0.021257756100079486,5
./try09_all\He_293_0.01_to_15__struct__random_struct__cat_TRAIN_RATIO0.25_QTFRAC_0.25,0.9066728601081253,0.016649300179267548,5
./try09_all\He_293_0.01_to_15__struct__random_struct__cat_TRAIN_RATIO0.2_QTFRAC_0.2,0.9064451923135716,0.026549927101116273,5
./try09_all\He_293_0.01_to_15__struct__random_struct__cat_TRAIN_RATIO0.35_QTFRAC_0.35,0.9100226896517919,0.01105311742645616,5
./try09_all\He_293_0.01_to_15__struct__random_struct__cat_TRAIN_RATIO0.3_QTFRAC_0.3,0.9115172092919576,0.014131904592867494,5
./try09_all\He_293_0.01_to_15__struct__random_struct__cat_TRAIN_RATIO0.45_QTFRAC_0.45,0.9158586895467531,0.03635855976671497,5
./try09_all\He_293_0.01_to_15__struct__random_struct__cat_TRAIN_RATIO0.4_QTFRAC_0.4,0.9185147174799948,0.03217357455760198,5
./try09_all\He_293_0.01_to_15__struct__random_struct__cat_TRAIN_RATIO0.55_QTFRAC_0.55,0.924400167903803,0.05161569561221385,5
./try09_all\He_293_0.01_to_15__struct__random_struct__cat_TRAIN_RATIO0.5_QTFRAC_0.5,0.9109800218220844,0.03669709444418962,5
./try09_all\He_293_0.01_to_15__struct__random_struct__cat_TRAIN_RATIO0.65_QTFRAC_0.65,0.9662539105981466,0.04057112954206536,5
./try09_all\He_293_0.01_to_15__struct__random_struct__cat_TRAIN_RATIO0.6_QTFRAC_0.6,0.9480643132753421,0.048021001625785244,5
./try09_all\He_293_0.01_to_15__struct__random_struct__cat_TRAIN_RATIO0.75_QTFRAC_0.75,0.9586217864978563,0.05399834534060787,5
./try09_all\He_293_0.01_to_15__struct__random_struct__cat_TRAIN_RATIO0.7_QTFRAC_0.7,0.9634244353160961,0.04600207111356145,5
./try09_all\He_293_0.01_to_15__struct__random_struct__cat_TRAIN_RATIO0.8_QTFRAC_0.8,0.9543325182085718,0.06133593263703619,5
./try09_all\He_293_0.01_to_1__struct+input__qt_then_rd__cat_TRAIN_RATIO0.05_QTFRAC_0.05,0.9529774251096402,0.023995823880331373,5
./try09_all\He_293_0.01_to_1__struct+input__qt_then_rd__cat_TRAIN_RATIO0.15_QTFRAC_0.15,0.9871380329519205,0.001242195843355644,5
./try09_all\He_293_0.01_to_1__struct+input__qt_then_rd__cat_TRAIN_RATIO0.1_QTFRAC_0.1,0.9778109840534466,0.02022178996766936,5
./try09_all\He_293_0.01_to_1__struct+input__qt_then_rd__cat_TRAIN_RATIO0.25_QTFRAC_0.25,0.9885539759836593,0.0007904729173830878,5
./try09_all\He_293_0.01_to_1__struct+input__qt_then_rd__cat_TRAIN_RATIO0.2_QTFRAC_0.2,0.9885519435312311,0.0010956454048456732,5
./try09_all\He_293_0.01_to_1__struct+input__qt_then_rd__cat_TRAIN_RATIO0.35_QTFRAC_0.35,0.9873434454104502,0.0008473551748058462,5
./try09_all\He_293_0.01_to_1__struct+input__qt_then_rd__cat_TRAIN_RATIO0.3_QTFRAC_0.3,0.9878500064491694,0.001045899326729422,5
./try09_all\He_293_0.01_to_1__struct+input__qt_then_rd__cat_TRAIN_RATIO0.45_QTFRAC_0.45,0.9859095109824647,0.0007915342972667873,5
./try09_all\He_293_0.01_to_1__struct+input__qt_then_rd__cat_TRAIN_RATIO0.4_QTFRAC_0.4,0.98670045292385,0.0007078007359739832,5
./try09_all\He_293_0.01_to_1__struct+input__qt_then_rd__cat_TRAIN_RATIO0.55_QTFRAC_0.55,0.984372181911145,0.000429386014913825,5
./try09_all\He_293_0.01_to_1__struct+input__qt_then_rd__cat_TRAIN_RATIO0.5_QTFRAC_0.5,0.9847391294966087,0.00031525828791547007,5
./try09_all\He_293_0.01_to_1__struct+input__qt_then_rd__cat_TRAIN_RATIO0.65_QTFRAC_0.65,0.9824667756708415,0.0005423181188003609,5
./try09_all\He_293_0.01_to_1__struct+input__qt_then_rd__cat_TRAIN_RATIO0.6_QTFRAC_0.6,0.9826949317974242,0.0006242977565996103,5
./try09_all\He_293_0.01_to_1__struct+input__qt_then_rd__cat_TRAIN_RATIO0.75_QTFRAC_0.75,0.9792428454505078,0.000746516496495317,5
./try09_all\He_293_0.01_to_1__struct+input__qt_then_rd__cat_TRAIN_RATIO0.7_QTFRAC_0.7,0.9810662171355892,0.0006761761022418144,5
./try09_all\He_293_0.01_to_1__struct+input__qt_then_rd__cat_TRAIN_RATIO0.8_QTFRAC_0.8,0.9783872433757109,0.001346598051870418,5
./try09_all\He_293_0.01_to_1__struct+input__random_with_input__cat_TRAIN_RATIO0.05_QTFRAC_0.05,0.8836085580116844,0.02393066871667178,5
./try09_all\He_293_0.01_to_1__struct+input__random_with_input__cat_TRAIN_RATIO0.15_QTFRAC_0.15,0.915085285635568,0.02423957909958516,5
./try09_all\He_293_0.01_to_1__struct+input__random_with_input__cat_TRAIN_RATIO0.1_QTFRAC_0.1,0.900290458708916,0.018470623698184672,5
./try09_all\He_293_0.01_to_1__struct+input__random_with_input__cat_TRAIN_RATIO0.25_QTFRAC_0.25,0.9164003945354511,0.016149113868421695,5
./try09_all\He_293_0.01_to_1__struct+input__random_with_input__cat_TRAIN_RATIO0.2_QTFRAC_0.2,0.9153309745883895,0.025389822419173737,5
./try09_all\He_293_0.01_to_1__struct+input__random_with_input__cat_TRAIN_RATIO0.35_QTFRAC_0.35,0.9211888959302577,0.009746576779473876,5
./try09_all\He_293_0.01_to_1__struct+input__random_with_input__cat_TRAIN_RATIO0.3_QTFRAC_0.3,0.9236795513339284,0.010565291698040139,5
./try09_all\He_293_0.01_to_1__struct+input__random_with_input__cat_TRAIN_RATIO0.45_QTFRAC_0.45,0.9258461353583106,0.03247596756939794,5
./try09_all\He_293_0.01_to_1__struct+input__random_with_input__cat_TRAIN_RATIO0.4_QTFRAC_0.4,0.9286018245193951,0.02834636174783939,5
./try09_all\He_293_0.01_to_1__struct+input__random_with_input__cat_TRAIN_RATIO0.55_QTFRAC_0.55,0.9321631440092503,0.04686535552797927,5
./try09_all\He_293_0.01_to_1__struct+input__random_with_input__cat_TRAIN_RATIO0.5_QTFRAC_0.5,0.9198827379622878,0.02969826027716455,5
./try09_all\He_293_0.01_to_1__struct+input__random_with_input__cat_TRAIN_RATIO0.65_QTFRAC_0.65,0.9739035691227663,0.03734808565120424,5
./try09_all\He_293_0.01_to_1__struct+input__random_with_input__cat_TRAIN_RATIO0.6_QTFRAC_0.6,0.9572920548128556,0.04597083599762217,5
./try09_all\He_293_0.01_to_1__struct+input__random_with_input__cat_TRAIN_RATIO0.75_QTFRAC_0.75,0.9683941692076825,0.04772558730318872,5
./try09_all\He_293_0.01_to_1__struct+input__random_with_input__cat_TRAIN_RATIO0.7_QTFRAC_0.7,0.9724945440712534,0.041847826835734646,5
./try09_all\He_293_0.01_to_1__struct+input__random_with_input__cat_TRAIN_RATIO0.8_QTFRAC_0.8,0.9620504214815977,0.058013750431444175,5
./try09_all\He_293_0.01_to_1__struct__random_struct__cat_TRAIN_RATIO0.05_QTFRAC_0.05,0.8747510722797808,0.023237707760287725,5
./try09_all\He_293_0.01_to_1__struct__random_struct__cat_TRAIN_RATIO0.15_QTFRAC_0.15,0.9058798356191297,0.023011485070178996,5
./try09_all\He_293_0.01_to_1__struct__random_struct__cat_TRAIN_RATIO0.1_QTFRAC_0.1,0.8923542889332611,0.020699211248980706,5
./try09_all\He_293_0.01_to_1__struct__random_struct__cat_TRAIN_RATIO0.25_QTFRAC_0.25,0.9047311768282471,0.016189333450657442,5
./try09_all\He_293_0.01_to_1__struct__random_struct__cat_TRAIN_RATIO0.2_QTFRAC_0.2,0.9060832150344712,0.026470654895626295,5
./try09_all\He_293_0.01_to_1__struct__random_struct__cat_TRAIN_RATIO0.35_QTFRAC_0.35,0.9112637128143565,0.009337097817365803,5
./try09_all\He_293_0.01_to_1__struct__random_struct__cat_TRAIN_RATIO0.3_QTFRAC_0.3,0.9130724168394011,0.012202182114608441,5
./try09_all\He_293_0.01_to_1__struct__random_struct__cat_TRAIN_RATIO0.45_QTFRAC_0.45,0.916472501314886,0.032304156359243094,5
./try09_all\He_293_0.01_to_1__struct__random_struct__cat_TRAIN_RATIO0.4_QTFRAC_0.4,0.9195637589340702,0.028224417009801918,5
./try09_all\He_293_0.01_to_1__struct__random_struct__cat_TRAIN_RATIO0.55_QTFRAC_0.55,0.9237864439640713,0.047092646874216534,5
./try09_all\He_293_0.01_to_1__struct__random_struct__cat_TRAIN_RATIO0.5_QTFRAC_0.5,0.9131490006777796,0.03353556072596926,5
./try09_all\He_293_0.01_to_1__struct__random_struct__cat_TRAIN_RATIO0.65_QTFRAC_0.65,0.9652062003466749,0.03749080429728156,5
./try09_all\He_293_0.01_to_1__struct__random_struct__cat_TRAIN_RATIO0.6_QTFRAC_0.6,0.9482046850003434,0.045686234889187764,5
./try09_all\He_293_0.01_to_1__struct__random_struct__cat_TRAIN_RATIO0.75_QTFRAC_0.75,0.9581656806686352,0.049244347599673825,5
./try09_all\He_293_0.01_to_1__struct__random_struct__cat_TRAIN_RATIO0.7_QTFRAC_0.7,0.9627144589197755,0.04157754766704195,5
./try09_all\He_293_0.01_to_1__struct__random_struct__cat_TRAIN_RATIO0.8_QTFRAC_0.8,0.9541179972746845,0.055445256917951,5
./try09_all\He_293_0.01_to_5__struct+input__qt_then_rd__cat_TRAIN_RATIO0.05_QTFRAC_0.05,0.9545977768079104,0.021910777579769336,5
./try09_all\He_293_0.01_to_5__struct+input__qt_then_rd__cat_TRAIN_RATIO0.15_QTFRAC_0.15,0.9879924049419028,0.0014758633084195497,5
./try09_all\He_293_0.01_to_5__struct+input__qt_then_rd__cat_TRAIN_RATIO0.1_QTFRAC_0.1,0.9785284296757684,0.019764006543270964,5
./try09_all\He_293_0.01_to_5__struct+input__qt_then_rd__cat_TRAIN_RATIO0.25_QTFRAC_0.25,0.988922257987765,0.0006856432419559897,5
./try09_all\He_293_0.01_to_5__struct+input__qt_then_rd__cat_TRAIN_RATIO0.2_QTFRAC_0.2,0.9889936496278846,0.0009415697548998615,5
./try09_all\He_293_0.01_to_5__struct+input__qt_then_rd__cat_TRAIN_RATIO0.35_QTFRAC_0.35,0.9876541267793473,0.0006461160237359379,5
./try09_all\He_293_0.01_to_5__struct+input__qt_then_rd__cat_TRAIN_RATIO0.3_QTFRAC_0.3,0.9880673957735094,0.0010665691230407294,5
./try09_all\He_293_0.01_to_5__struct+input__qt_then_rd__cat_TRAIN_RATIO0.45_QTFRAC_0.45,0.9862266495636755,0.0007463819480836093,5
./try09_all\He_293_0.01_to_5__struct+input__qt_then_rd__cat_TRAIN_RATIO0.4_QTFRAC_0.4,0.986835889400546,0.0006766311068453216,5
./try09_all\He_293_0.01_to_5__struct+input__qt_then_rd__cat_TRAIN_RATIO0.55_QTFRAC_0.55,0.9846443419845677,0.00038698025795612433,5
./try09_all\He_293_0.01_to_5__struct+input__qt_then_rd__cat_TRAIN_RATIO0.5_QTFRAC_0.5,0.9852247598162384,0.00019730894941832005,5
./try09_all\He_293_0.01_to_5__struct+input__qt_then_rd__cat_TRAIN_RATIO0.65_QTFRAC_0.65,0.9827305371055817,0.0004460620828938876,5
./try09_all\He_293_0.01_to_5__struct+input__qt_then_rd__cat_TRAIN_RATIO0.6_QTFRAC_0.6,0.98326853229775,0.000595484219045986,5
./try09_all\He_293_0.01_to_5__struct+input__qt_then_rd__cat_TRAIN_RATIO0.75_QTFRAC_0.75,0.9795804189705158,0.0007589972206131932,5
./try09_all\He_293_0.01_to_5__struct+input__qt_then_rd__cat_TRAIN_RATIO0.7_QTFRAC_0.7,0.9813139848088444,0.0007326222318687839,5
./try09_all\He_293_0.01_to_5__struct+input__qt_then_rd__cat_TRAIN_RATIO0.8_QTFRAC_0.8,0.9789142022799056,0.0013569202248503594,5
./try09_all\He_293_0.01_to_5__struct+input__random_with_input__cat_TRAIN_RATIO0.05_QTFRAC_0.05,0.8896598876514867,0.022961404143412818,5
./try09_all\He_293_0.01_to_5__struct+input__random_with_input__cat_TRAIN_RATIO0.15_QTFRAC_0.15,0.9180854676465021,0.023976330351142803,5
./try09_all\He_293_0.01_to_5__struct+input__random_with_input__cat_TRAIN_RATIO0.1_QTFRAC_0.1,0.9063174923261859,0.015625967240929014,5
./try09_all\He_293_0.01_to_5__struct+input__random_with_input__cat_TRAIN_RATIO0.25_QTFRAC_0.25,0.9219074135754532,0.016197996929310197,5
./try09_all\He_293_0.01_to_5__struct+input__random_with_input__cat_TRAIN_RATIO0.2_QTFRAC_0.2,0.9187651113811575,0.02546988628528456,5
./try09_all\He_293_0.01_to_5__struct+input__random_with_input__cat_TRAIN_RATIO0.35_QTFRAC_0.35,0.9237296773453652,0.011422282594096425,5
./try09_all\He_293_0.01_to_5__struct+input__random_with_input__cat_TRAIN_RATIO0.3_QTFRAC_0.3,0.927253660086155,0.01116003554260871,5
./try09_all\He_293_0.01_to_5__struct+input__random_with_input__cat_TRAIN_RATIO0.45_QTFRAC_0.45,0.9271656339446801,0.031137864147966186,5
./try09_all\He_293_0.01_to_5__struct+input__random_with_input__cat_TRAIN_RATIO0.4_QTFRAC_0.4,0.9312016553009037,0.029104398471674977,5
./try09_all\He_293_0.01_to_5__struct+input__random_with_input__cat_TRAIN_RATIO0.55_QTFRAC_0.55,0.9341953535805745,0.04554674704401086,5
./try09_all\He_293_0.01_to_5__struct+input__random_with_input__cat_TRAIN_RATIO0.5_QTFRAC_0.5,0.9226921604033329,0.03258732353390135,5
./try09_all\He_293_0.01_to_5__struct+input__random_with_input__cat_TRAIN_RATIO0.65_QTFRAC_0.65,0.974292239432953,0.03665142318392566,5
./try09_all\He_293_0.01_to_5__struct+input__random_with_input__cat_TRAIN_RATIO0.6_QTFRAC_0.6,0.9585426434869946,0.043561437105254425,5
./try09_all\He_293_0.01_to_5__struct+input__random_with_input__cat_TRAIN_RATIO0.75_QTFRAC_0.75,0.9686485443847825,0.04571583914314486,5
./try09_all\He_293_0.01_to_5__struct+input__random_with_input__cat_TRAIN_RATIO0.7_QTFRAC_0.7,0.9728511455643286,0.03988846875090628,5
./try09_all\He_293_0.01_to_5__struct+input__random_with_input__cat_TRAIN_RATIO0.8_QTFRAC_0.8,0.9645283160225725,0.05310780114230075,5
./try09_all\He_293_0.01_to_5__struct__random_struct__cat_TRAIN_RATIO0.05_QTFRAC_0.05,0.8760312322510506,0.024487754210247403,5
./try09_all\He_293_0.01_to_5__struct__random_struct__cat_TRAIN_RATIO0.15_QTFRAC_0.15,0.9087377889121331,0.022925236988508967,5
./try09_all\He_293_0.01_to_5__struct__random_struct__cat_TRAIN_RATIO0.1_QTFRAC_0.1,0.893164949879908,0.0201006091473111,5
./try09_all\He_293_0.01_to_5__struct__random_struct__cat_TRAIN_RATIO0.25_QTFRAC_0.25,0.9112443478193152,0.01596757741253656,5
./try09_all\He_293_0.01_to_5__struct__random_struct__cat_TRAIN_RATIO0.2_QTFRAC_0.2,0.9093010694084175,0.02632293611750961,5
./try09_all\He_293_0.01_to_5__struct__random_struct__cat_TRAIN_RATIO0.35_QTFRAC_0.35,0.9126673719288008,0.011773064053267186,5
./try09_all\He_293_0.01_to_5__struct__random_struct__cat_TRAIN_RATIO0.3_QTFRAC_0.3,0.916305019594396,0.012994230587306494,5
./try09_all\He_293_0.01_to_5__struct__random_struct__cat_TRAIN_RATIO0.45_QTFRAC_0.45,0.9193211565985278,0.03355315978337494,5
./try09_all\He_293_0.01_to_5__struct__random_struct__cat_TRAIN_RATIO0.4_QTFRAC_0.4,0.9219458752059131,0.02949625179070699,5
./try09_all\He_293_0.01_to_5__struct__random_struct__cat_TRAIN_RATIO0.55_QTFRAC_0.55,0.9265550397598659,0.04837738633466249,5
./try09_all\He_293_0.01_to_5__struct__random_struct__cat_TRAIN_RATIO0.5_QTFRAC_0.5,0.9153646299754895,0.03390889941628209,5
./try09_all\He_293_0.01_to_5__struct__random_struct__cat_TRAIN_RATIO0.65_QTFRAC_0.65,0.9657908887259369,0.03770488355914223,5
./try09_all\He_293_0.01_to_5__struct__random_struct__cat_TRAIN_RATIO0.6_QTFRAC_0.6,0.9496382810578872,0.044151089955707976,5
./try09_all\He_293_0.01_to_5__struct__random_struct__cat_TRAIN_RATIO0.75_QTFRAC_0.75,0.9609622566011042,0.04585304704760948,5
./try09_all\He_293_0.01_to_5__struct__random_struct__cat_TRAIN_RATIO0.7_QTFRAC_0.7,0.9640732258377425,0.04036194616996815,5
./try09_all\He_293_0.01_to_5__struct__random_struct__cat_TRAIN_RATIO0.8_QTFRAC_0.8,0.9560008391215893,0.054316641531759,5
